gene	node_class	node_category_raw	crispr_effect	crispr_fdr	crispr_direction	gse118713_log2fc	gse118713_fdr	gse240112_log2fc	gse240112_fdr	gse111151_log2fc	gse111151_fdr	gse245601_acute_log2fc	gse245601_acute_fdr	resistance_pattern	pathways_supported	number_consensus_pathways	human_tumor_support	candidate_connection_count	subnetwork_role
ACVR1	leading_edge	resistance_leading_edge	-0.4241984326590478	0.812261542677148	nonsignificant_sensitising_direction	1.78269765598623	0.0004123869861301	1.17310445578037	0.0069049076804771	0.551825456568553	0.256635353848147	0.162795294491403	0.517583856459333	consistent_up_(2/3_significant)	go_bp:GOBP_AMEBOIDAL_TYPE_CELL_MIGRATION;go_bp:GOBP_BIOMINERAL_TISSUE_DEVELOPMENT;go_bp:GOBP_BLOOD_VESSEL_MORPHOGENESIS;go_bp:GOBP_BONE_MINERALIZATION;go_bp:GOBP_BRANCHING_MORPHOGENESIS_OF_AN_EPITHELIAL_TUBE	56	True	0	second_degree_connector
BIRC5	resistance_gene	multimodal_pathway_driver	0.8183937731547442	0.7898456056467551	nonsignificant_tolerance_direction	-0.633777499699432	0.0436669146251446	-0.864462921992215	0.393670847831552	-0.211753955396718	0.847005593670355	-0.0767843366215197	0.92331196203774	consistent_down_(1/3_significant)	go_bp:GOBP_CHROMOSOME_SEPARATION;go_bp:GOBP_METAPHASE_CHROMOSOME_ALIGNMENT;go_bp:GOBP_MITOTIC_SISTER_CHROMATID_SEGREGATION;go_bp:GOBP_NUCLEAR_CHROMOSOME_SEGREGATION;go_bp:GOBP_REGULATION_OF_CHROMOSOME_ORGANIZATION	16	False	0	second_degree_connector
BMP7	leading_edge	resistance_leading_edge	-0.5935923019690099	0.8242337791078108	nonsignificant_sensitising_direction	2.76145111328723	4.14018335602582e-06	5.30426269253065	3.55439381682779e-05	1.43126932072503	0.338065241930829	-0.0006218582710506	0.999608265807042	consistent_up_(2/3_significant)	go_bp:GOBP_AMEBOIDAL_TYPE_CELL_MIGRATION;go_bp:GOBP_AXON_DEVELOPMENT;go_bp:GOBP_BIOMINERAL_TISSUE_DEVELOPMENT;go_bp:GOBP_BONE_MINERALIZATION;go_bp:GOBP_BRANCHING_MORPHOGENESIS_OF_AN_EPITHELIAL_TUBE	88	True	0	second_degree_connector
BUB1B	resistance_gene	multimodal_pathway_driver	0.1498420107713478	0.9534746491194804	nonsignificant_tolerance_direction	-0.250957762878272	0.186596686586578	-1.08975529023516	0.196342536277581	-0.294754930966246	0.703388715135017	-0.279515185217058	0.637572728434564	no_significant_resistance_dataset	go_bp:GOBP_CHROMOSOME_SEPARATION;go_bp:GOBP_MITOTIC_SISTER_CHROMATID_SEGREGATION;go_bp:GOBP_NUCLEAR_CHROMOSOME_SEGREGATION;go_bp:GOBP_REGULATION_OF_CHROMOSOME_ORGANIZATION;go_bp:GOBP_REGULATION_OF_CHROMOSOME_SEGREGATION	14	False	0	second_degree_connector
CCNB2	resistance_gene	multimodal_pathway_driver	0.2543927245492963	0.8440858568440535	nonsignificant_tolerance_direction	-0.459045002456817	0.0792542144114215	-1.60607877628004	0.076905873133373	-0.451310864839405	0.58495973894617	0.0843209864939565	0.934146449539965	no_significant_resistance_dataset	go_bp:GOBP_NUCLEAR_CHROMOSOME_SEGREGATION;hallmark:HALLMARK_E2F_TARGETS;hallmark:HALLMARK_G2M_CHECKPOINT;reactome:REACTOME_CELL_CYCLE_CHECKPOINTS;reactome:REACTOME_CELL_CYCLE_MITOTIC	8	False	0	second_degree_connector
CITED2	candidate	candidate	-1.4953555271062804	0.109955077591718	nonsignificant_sensitising_direction	-0.0712402035096886	0.895048558224723	1.55383256440471	0.0087275396535076	0.692687178856127	0.662311130855006	0.19690414713124	0.402857156934197	consistent_up_(1/3_significant)	go_bp:GOBP_ARTERY_DEVELOPMENT;go_bp:GOBP_BLOOD_VESSEL_MORPHOGENESIS;go_bp:GOBP_BONE_DEVELOPMENT;go_bp:GOBP_BONE_MORPHOGENESIS;go_bp:GOBP_CARDIAC_CHAMBER_DEVELOPMENT	49	True	0	candidate
COL1A1	leading_edge	resistance_leading_edge	-0.2716037675446916	0.8247485940043205	nonsignificant_sensitising_direction	1.88086665320433	0.0016086491433943	1.31928671340013	0.0334404515879427	0.714392009195883	0.304384090528369	0.205427272911124	0.793677023752535	consistent_up_(2/3_significant)	go_bp:GOBP_BIOMINERAL_TISSUE_DEVELOPMENT;go_bp:GOBP_BODY_MORPHOGENESIS;go_bp:GOBP_BONE_DEVELOPMENT;go_bp:GOBP_BONE_MORPHOGENESIS;go_bp:GOBP_CANONICAL_WNT_SIGNALING_PATHWAY	42	True	1	direct_partner
CREBBP	candidate_partner	candidate_string_partner	-0.1072981257283913	0.957815716818056	nonsignificant_sensitising_direction	-0.313638920865462	0.319352989531893	-0.0173784828691921	0.963081916881724	0.108607173210642	0.83133779654177	-0.0428092674679337	0.886987488614421	no_significant_resistance_dataset		0	False	1	direct_partner
CTNNB1	leading_edge	resistance_leading_edge	-0.7079105508147325	0.6338823101552432	nonsignificant_sensitising_direction	1.34051680314076	0.0081467587063766	1.04611724728121	0.0264420685038049	0.321374477875969	0.60279258654785	-0.0178362228342128	0.963531408602799	consistent_up_(2/3_significant)	go_bp:GOBP_BLOOD_VESSEL_MORPHOGENESIS;go_bp:GOBP_BRANCHING_MORPHOGENESIS_OF_AN_EPITHELIAL_TUBE;go_bp:GOBP_CANONICAL_WNT_SIGNALING_PATHWAY;go_bp:GOBP_CARTILAGE_DEVELOPMENT;go_bp:GOBP_CELL_FATE_COMMITMENT	93	True	0	second_degree_connector
EFNA1	leading_edge	resistance_leading_edge	0.4044188809500619	0.7930869572944422	nonsignificant_tolerance_direction	0.993752019982719	0.0024142060292581	0.977489054138699	0.0852543712842727	0.254401080032412	0.608537894373376	0.20337267074987	0.389929053289146	consistent_up_(1/3_significant)	go_bp:GOBP_AMEBOIDAL_TYPE_CELL_MIGRATION;go_bp:GOBP_AXON_DEVELOPMENT;go_bp:GOBP_BLOOD_VESSEL_MORPHOGENESIS;go_bp:GOBP_CELL_MORPHOGENESIS_INVOLVED_IN_NEURON_DIFFERENTIATION;go_bp:GOBP_CELL_SUBSTRATE_ADHESION	30	False	0	second_degree_connector
EP300	candidate_partner	candidate_string_partner	-0.5643086933317267	0.6009826181172715	nonsignificant_sensitising_direction	0.102286244397691	0.78425803932485	0.65590510190885	0.0421615383852104	0.0844410079597948	0.857510120715073	-0.059754915740188	0.842311852421359	consistent_up_(1/3_significant)	go_bp:GOBP_BODY_MORPHOGENESIS;go_bp:GOBP_CELLULAR_RESPONSE_TO_LIPID;go_bp:GOBP_CELL_FATE_COMMITMENT;go_bp:GOBP_FACE_MORPHOGENESIS;go_bp:GOBP_FAT_CELL_DIFFERENTIATION	17	True	1	direct_partner
EPAS1	candidate_partner	candidate_string_partner	0.149728728535667	0.9243328570351124	nonsignificant_tolerance_direction	5.9473037686576	6.14437686554197e-08	7.49755691339593	5.33238730658102e-05	1.54018987568339	0.0163651497737581	0.0142550208886947	0.967437750215697	consistent_up_(3/3_significant)	go_bp:GOBP_BLOOD_VESSEL_MORPHOGENESIS;go_bp:GOBP_BLOOD_VESSEL_REMODELING;go_bp:GOBP_CELL_FATE_COMMITMENT;go_bp:GOBP_CIRCULATORY_SYSTEM_PROCESS;go_bp:GOBP_EMBRYONIC_ORGAN_DEVELOPMENT	14	True	1	direct_partner
ERBB2	leading_edge	resistance_leading_edge	-0.2668258270894617	0.9069837166072832	nonsignificant_sensitising_direction	0.848569376307428	0.0216689648544955	1.33757496221895	0.0220418683575731	0.414408403398424	0.372124837275554	-0.123307570459658	0.555235564647763	consistent_up_(2/3_significant)	go_bp:GOBP_AXON_DEVELOPMENT;go_bp:GOBP_BLOOD_VESSEL_MORPHOGENESIS;go_bp:GOBP_CELL_MORPHOGENESIS_INVOLVED_IN_NEURON_DIFFERENTIATION;go_bp:GOBP_CELL_SURFACE_RECEPTOR_PROTEIN_TYROSINE_KINASE_SIGNALING_PATHWAY;go_bp:GOBP_ENSHEATHMENT_OF_NEURONS	30	True	1	direct_partner
FGFR1	leading_edge	resistance_leading_edge	0.4890075673028571	0.8634975052990252	nonsignificant_tolerance_direction	0.923530201505312	0.102101741763769	0.402079194208412	0.174582324289311	0.617165079407847	0.219031968694951	0.111897531232975	0.655296506431637	no_significant_resistance_dataset	go_bp:GOBP_ALCOHOL_METABOLIC_PROCESS;go_bp:GOBP_AMEBOIDAL_TYPE_CELL_MIGRATION;go_bp:GOBP_BIOMINERAL_TISSUE_DEVELOPMENT;go_bp:GOBP_CARTILAGE_DEVELOPMENT;go_bp:GOBP_CELL_CHEMOTAXIS	65	False	0	second_degree_connector
FN1	leading_edge	resistance_leading_edge	-0.7221835494319304	0.7616616496167914	nonsignificant_sensitising_direction	5.25040565096158	2.96121328551601e-07	5.21105140386651	8.35030397451841e-06	0.867910688913234	0.538708656009892	0.0302756372233592	0.970847895494758	consistent_up_(2/3_significant)	go_bp:GOBP_AMEBOIDAL_TYPE_CELL_MIGRATION;go_bp:GOBP_AXON_DEVELOPMENT;go_bp:GOBP_BIOLOGICAL_PROCESS_INVOLVED_IN_SYMBIOTIC_INTERACTION;go_bp:GOBP_BLOOD_VESSEL_MORPHOGENESIS;go_bp:GOBP_CELL_MATRIX_ADHESION	38	True	0	second_degree_connector
FOXO1	candidate_partner	candidate_string_partner	-0.1272209624010969	0.9442246511467666	nonsignificant_sensitising_direction	2.66715717981243	2.76217969499909e-06	3.58381371558774	0.00045299099974	0.525394470250876	0.505978551961213	-0.041849684263119	0.9299719940764	consistent_up_(2/3_significant)	go_bp:GOBP_CANONICAL_WNT_SIGNALING_PATHWAY;go_bp:GOBP_CELL_SURFACE_RECEPTOR_PROTEIN_TYROSINE_KINASE_SIGNALING_PATHWAY;go_bp:GOBP_FAT_CELL_DIFFERENTIATION;go_bp:GOBP_NEGATIVE_REGULATION_OF_CELL_DIFFERENTIATION;go_bp:GOBP_NEGATIVE_REGULATION_OF_FAT_CELL_DIFFERENTIATION	17	True	1	direct_partner
FOXO3	candidate_partner	candidate_string_partner	-0.4099075350920937	0.8014286065646663	nonsignificant_sensitising_direction	-0.504411965808942	0.019673508616579	0.298670506441298	0.587058967979126	0.0369764389258673	0.959085529096633	0.318858535986811	0.202572901985618	consistent_down_(1/3_significant)	reactome:REACTOME_ESR_MEDIATED_SIGNALING	1	False	1	direct_partner
HEY1	leading_edge	resistance_leading_edge	0.2248013370832087	0.8952454886459621	nonsignificant_tolerance_direction	4.36847814689592	2.65154115887905e-08	4.63545496334256	4.22359275294786e-05	0.830183239552148	0.600108469138044	0.157756249638227	0.68133661153299	consistent_up_(2/3_significant)	go_bp:GOBP_AORTA_DEVELOPMENT;go_bp:GOBP_ARTERY_DEVELOPMENT;go_bp:GOBP_BIOMINERAL_TISSUE_DEVELOPMENT;go_bp:GOBP_BLOOD_VESSEL_MORPHOGENESIS;go_bp:GOBP_CARDIAC_CHAMBER_DEVELOPMENT	34	True	0	second_degree_connector
HIF1A	multiple	candidate_string_partner,resistance_leading_edge	0.0887308591190914	0.9654441649938414	nonsignificant_tolerance_direction	0.828242331087186	0.0366703143013568	0.967752553503101	0.0293158774857775	0.441257026094293	0.416092518520692	-0.202331711216874	0.400954661301576	consistent_up_(2/3_significant)	go_bp:GOBP_AMEBOIDAL_TYPE_CELL_MIGRATION;go_bp:GOBP_BIOMINERAL_TISSUE_DEVELOPMENT;go_bp:GOBP_BLOOD_VESSEL_MORPHOGENESIS;go_bp:GOBP_BONE_MINERALIZATION;go_bp:GOBP_CARDIAC_CHAMBER_DEVELOPMENT	67	True	1	direct_partner
ID2	leading_edge	resistance_leading_edge	-0.5492622333985482	0.7302457007496828	nonsignificant_sensitising_direction	1.09628033173117	0.0067148185153037	2.06423851082505	0.0006480490044291	0.377934436914111	0.70410226237633	0.149562878694826	0.429992853241014	consistent_up_(2/3_significant)	go_bp:GOBP_CELL_FATE_COMMITMENT;go_bp:GOBP_CIRCULATORY_SYSTEM_PROCESS;go_bp:GOBP_DIGESTIVE_SYSTEM_DEVELOPMENT;go_bp:GOBP_EMBRYONIC_MORPHOGENESIS;go_bp:GOBP_EMBRYONIC_ORGAN_DEVELOPMENT	34	True	0	second_degree_connector
JAG1	leading_edge	resistance_leading_edge	-0.0391026032930152	0.986290543790328	nonsignificant_sensitising_direction	2.12356836073787	0.0002542741156055	5.83759530365689	3.67882575298203e-05	1.83248048017823	0.243370597154944	-0.173627754190477	0.510963851300167	consistent_up_(2/3_significant)	go_bp:GOBP_AORTA_DEVELOPMENT;go_bp:GOBP_ARTERY_DEVELOPMENT;go_bp:GOBP_BLOOD_VESSEL_MORPHOGENESIS;go_bp:GOBP_BLOOD_VESSEL_REMODELING;go_bp:GOBP_CARDIAC_CHAMBER_DEVELOPMENT	49	True	0	second_degree_connector
KDM1A	crispr_sensitiser	crispr_sensitiser	-2.167335634799461	0.0003849877126404	sensitising_KO	0.146667919066447	0.493845720601604	0.191941386609262	0.59163963287314	0.0713993613378379	0.905930650706976	-0.215079883472444	0.369442163215661	no_significant_resistance_dataset		0	False	0	second_degree_connector
KDM6A	crispr_tolerance_associated	crispr_tolerance	2.259563025014412	0.0416851803622835	tolerance_associated_KO	0.146645780508053	0.562375182137919	-0.765218640697598	0.0653450874850723	-0.0596763294180115	0.93337430929085	0.0690162504334836	0.879460304344877	no_significant_resistance_dataset		0	False	0	second_degree_connector
KMT2C	crispr_tolerance_associated	crispr_tolerance	1.683754395316134	0.0052539443921356	tolerance_associated_KO	0.0353127981755366	0.925860041774026	-0.539610144682292	0.185781857435356	-0.146890307562346	0.802049984655759	0.0048690635820431	0.989334782494376	no_significant_resistance_dataset		0	False	0	second_degree_connector
LEF1	leading_edge	resistance_leading_edge	0.2106001627157754	0.8913286382355223	nonsignificant_tolerance_direction	1.46028447588646	3.39143291956104e-05	5.7625925776954	2.15249326405769e-05	0.912386794052305	0.557758736798268	-0.464764417707927	0.259861700035894	consistent_up_(2/3_significant)	go_bp:GOBP_BIOLOGICAL_PROCESS_INVOLVED_IN_SYMBIOTIC_INTERACTION;go_bp:GOBP_BLOOD_VESSEL_MORPHOGENESIS;go_bp:GOBP_BODY_MORPHOGENESIS;go_bp:GOBP_BRANCHING_MORPHOGENESIS_OF_AN_EPITHELIAL_TUBE;go_bp:GOBP_CANONICAL_WNT_SIGNALING_PATHWAY	52	True	0	second_degree_connector
LHX2	candidate_partner	candidate_string_partner	0.2982333043601572	0.8547014306298557	nonsignificant_tolerance_direction	0.659314949431121	0.0561015208773156	1.56371216316703	0.0283490425861665	0.603083915774856	0.526332017152766			consistent_up_(1/3_significant)	go_bp:GOBP_AXON_DEVELOPMENT;go_bp:GOBP_CELL_MORPHOGENESIS_INVOLVED_IN_NEURON_DIFFERENTIATION;go_bp:GOBP_EMBRYONIC_MORPHOGENESIS;go_bp:GOBP_EPITHELIAL_TUBE_FORMATION;go_bp:GOBP_EPITHELIAL_TUBE_MORPHOGENESIS	23	True	1	direct_partner
LOX	leading_edge	resistance_leading_edge	0.510427648871282	0.7170209005816782	nonsignificant_tolerance_direction	4.80263819051348	8.6203189384681e-09	9.47455931943787	6.14546448421569e-06	0.443475028798368	0.588033007637101	-0.0698857713098474	0.929166360998821	consistent_up_(2/3_significant)	go_bp:GOBP_AORTA_DEVELOPMENT;go_bp:GOBP_ARTERY_DEVELOPMENT;go_bp:GOBP_BIOMINERAL_TISSUE_DEVELOPMENT;go_bp:GOBP_BLOOD_VESSEL_MORPHOGENESIS;go_bp:GOBP_BONE_DEVELOPMENT	30	True	0	second_degree_connector
LYN	multiple	multimodal_pathway_driver,resistance_leading_edge	-0.5191648382099592	0.6843950193322895	nonsignificant_sensitising_direction	1.38086985457888	7.08894246745681e-05	6.43817930113175	3.79815317685443e-06	0.738508495628027	0.434934110501048	-0.0549407252748037	0.857864448843255	consistent_up_(2/3_significant)	go_bp:GOBP_CALCIUM_ION_TRANSMEMBRANE_TRANSPORT;go_bp:GOBP_CELLULAR_RESPONSE_TO_LIPID;go_bp:GOBP_CELL_CHEMOTAXIS;go_bp:GOBP_CELL_SURFACE_RECEPTOR_PROTEIN_TYROSINE_KINASE_SIGNALING_PATHWAY;go_bp:GOBP_DENDRITIC_CELL_DIFFERENTIATION	54	True	0	second_degree_connector
MSX1	leading_edge	resistance_leading_edge	-0.1715356242436012	0.9331425545278652	nonsignificant_sensitising_direction	0.354287394027851	0.0587843483088679	1.9223596216847	0.0120993017172427	0.614069828130158	0.677119380841392	0.271623522787989	0.510963851300167	consistent_up_(1/3_significant)	go_bp:GOBP_BODY_MORPHOGENESIS;go_bp:GOBP_BONE_DEVELOPMENT;go_bp:GOBP_BONE_MORPHOGENESIS;go_bp:GOBP_CARTILAGE_DEVELOPMENT;go_bp:GOBP_CELL_SURFACE_RECEPTOR_PROTEIN_SERINE_THREONINE_KINASE_SIGNALING_PATHWAY	41	True	0	second_degree_connector
NF1	crispr_tolerance_associated	crispr_tolerance	3.201469104004488	1.980969177858585e-06	tolerance_associated_KO	0.401298410976755	0.241892052255367	-0.224003368544701	0.560355683109955	-0.158383159411972	0.740170330747677	-0.147970627719369	0.495025795643211	no_significant_resistance_dataset		0	False	0	second_degree_connector
NF2	multiple	multimodal_pathway_driver,resistance_leading_edge	0.1778532419824223	0.9265425012974084	nonsignificant_tolerance_direction	0.72485926180621	0.0016689366195227	0.63045229008935	0.0760399951224825	0.268024283758395	0.501483653230901	-0.276119380248912	0.26452119021161	consistent_up_(1/3_significant)	go_bp:GOBP_ACTOMYOSIN_STRUCTURE_ORGANIZATION;go_bp:GOBP_CELL_MATRIX_ADHESION;go_bp:GOBP_CELL_SUBSTRATE_ADHESION;go_bp:GOBP_EMBRYONIC_MORPHOGENESIS;go_bp:GOBP_FOREBRAIN_DEVELOPMENT	36	False	0	second_degree_connector
PCGF2	candidate_partner	candidate_string_partner	-1.3158128561668043	0.2636544015200702	nonsignificant_sensitising_direction	0.571465122104003	0.0340587989279309	0.677992618985523	0.0596933366231476	-0.268861826047786	0.514446355407458	-0.0069217968585236	0.98658932453588	consistent_up_(1/3_significant)	go_bp:GOBP_EMBRYONIC_MORPHOGENESIS;go_bp:GOBP_EMBRYONIC_ORGAN_DEVELOPMENT;go_bp:GOBP_EMBRYONIC_ORGAN_MORPHOGENESIS;go_bp:GOBP_EMBRYONIC_SKELETAL_SYSTEM_DEVELOPMENT;go_bp:GOBP_IN_UTERO_EMBRYONIC_DEVELOPMENT	8	False	1	direct_partner
PLK1	resistance_gene	multimodal_pathway_driver	0.0903448157917585	0.9800952768605136	nonsignificant_tolerance_direction	-0.706922763585609	0.0519351509471531	-1.8384439548295	0.0661404672187792	-0.168991736421351	0.863896670214277	0.0075563956017534	0.990478760277518	no_significant_resistance_dataset	go_bp:GOBP_CHROMOSOME_SEPARATION;go_bp:GOBP_MITOTIC_SISTER_CHROMATID_SEGREGATION;go_bp:GOBP_NUCLEAR_CHROMOSOME_SEGREGATION;go_bp:GOBP_REGULATION_OF_CHROMOSOME_ORGANIZATION;go_bp:GOBP_REGULATION_OF_CHROMOSOME_SEGREGATION	15	False	0	second_degree_connector
PPARG	multiple	multimodal_pathway_driver,resistance_leading_edge	-0.2851673524884317	0.8848707613512676	nonsignificant_sensitising_direction	4.58426124540051	2.65154115887905e-08	4.4259179475735	0.0001638321354121	1.7394882005885	0.479581760757361	0.213484929051929	0.507581428197261	consistent_up_(2/3_significant)	go_bp:GOBP_AMEBOIDAL_TYPE_CELL_MIGRATION;go_bp:GOBP_BLOOD_VESSEL_MORPHOGENESIS;go_bp:GOBP_CELL_FATE_COMMITMENT;go_bp:GOBP_CELL_SURFACE_RECEPTOR_PROTEIN_SERINE_THREONINE_KINASE_SIGNALING_PATHWAY;go_bp:GOBP_CIRCULATORY_SYSTEM_PROCESS	53	True	1	direct_partner
PSMC3	resistance_gene	multimodal_pathway_driver	-0.9692722345050032	0.561746941082457	nonsignificant_sensitising_direction	-0.403839402815408	0.083869880633609	-0.692400110192544	0.211468816159062	-0.313275078848619	0.514446355407458	-0.0473304325667961	0.836917031198908	no_significant_resistance_dataset	reactome:REACTOME_CELL_CYCLE_CHECKPOINTS;reactome:REACTOME_CELL_CYCLE_MITOTIC;reactome:REACTOME_M_PHASE	3	False	0	second_degree_connector
PSMC5	resistance_gene	multimodal_pathway_driver	-0.2481315955117793	0.907095381656094	nonsignificant_sensitising_direction	-0.310001671283045	0.109221330961253	0.485837412273738	0.425599508675059	-0.41245650679422	0.428866061937622	-0.121455694398398	0.555611069787337	no_significant_resistance_dataset	reactome:REACTOME_CELL_CYCLE_CHECKPOINTS;reactome:REACTOME_CELL_CYCLE_MITOTIC;reactome:REACTOME_M_PHASE	3	False	0	second_degree_connector
PTEN	crispr_tolerance_associated	crispr_tolerance	3.3317870701317656	2.2317000159876773e-07	tolerance_associated_KO	-0.39072867283774	0.0738932933249503	-0.381673919910069	0.20760000996125	0.243969577554325	0.515664085755769	-0.154170795215578	0.460201654467793	no_significant_resistance_dataset	go_bp:GOBP_AMEBOIDAL_TYPE_CELL_MIGRATION;go_bp:GOBP_AXON_DEVELOPMENT;go_bp:GOBP_CANONICAL_WNT_SIGNALING_PATHWAY;go_bp:GOBP_CELL_MATRIX_ADHESION;go_bp:GOBP_CELL_MORPHOGENESIS_INVOLVED_IN_NEURON_DIFFERENTIATION	43	False	0	second_degree_connector
RPS27A	candidate_partner	candidate_string_partner	-0.7450982898956067	0.8270560220965696	nonsignificant_sensitising_direction	0.323544562467569	0.144254073101191	0.644670935235638	0.310491715201749	-0.0903867295363118	0.823113332890811	0.0058003693585594	0.98740754078825	no_significant_resistance_dataset	reactome:REACTOME_CELL_CYCLE_CHECKPOINTS;reactome:REACTOME_CELL_CYCLE_MITOTIC;reactome:REACTOME_M_PHASE	3	False	1	second_degree_connector
SMAD3	leading_edge	resistance_leading_edge	0.8122212460926619	0.6847632537957313	nonsignificant_tolerance_direction	1.51219307987691	0.0002349393222842	1.99774418097056	0.0009670812322399	0.15093137101413	0.705323903644257	-0.0871192683300797	0.757131844951915	consistent_up_(2/3_significant)	go_bp:GOBP_ACTOMYOSIN_STRUCTURE_ORGANIZATION;go_bp:GOBP_BIOMINERAL_TISSUE_DEVELOPMENT;go_bp:GOBP_BONE_MINERALIZATION;go_bp:GOBP_CANONICAL_WNT_SIGNALING_PATHWAY;go_bp:GOBP_CARTILAGE_DEVELOPMENT	93	True	1	direct_partner
SMC3	resistance_gene	multimodal_pathway_driver	0.5579938567968679	0.7993240766252737	nonsignificant_tolerance_direction	-0.618718527700953	0.0140896524972985	-0.93770264588787	0.101240137942883	-0.188939662303464	0.669657924280912	0.0251268025861394	0.922362433561115	consistent_down_(1/3_significant)	go_bp:GOBP_MITOTIC_SISTER_CHROMATID_SEGREGATION;go_bp:GOBP_NUCLEAR_CHROMOSOME_SEGREGATION;go_bp:GOBP_SISTER_CHROMATID_SEGREGATION;hallmark:HALLMARK_E2F_TARGETS;reactome:REACTOME_CELL_CYCLE_MITOTIC	10	False	0	second_degree_connector
SOX2	crispr_tolerance_associated	crispr_tolerance	1.5125795984924384	0.012231538169301	tolerance_associated_KO	0.689938479322989	0.009274260760025	7.44086437435914	5.59971704623335e-05	0.885804950531392	0.631863307812325	-0.334393694467966	0.694290309090563	consistent_up_(2/3_significant)	go_bp:GOBP_CANONICAL_WNT_SIGNALING_PATHWAY;go_bp:GOBP_CELL_FATE_COMMITMENT;go_bp:GOBP_DIENCEPHALON_DEVELOPMENT;go_bp:GOBP_EAR_DEVELOPMENT;go_bp:GOBP_EMBRYONIC_MORPHOGENESIS	25	True	0	second_degree_connector
SRC	resistance_gene	multimodal_pathway_driver	-0.5979267823846772	0.7616616496167914	nonsignificant_sensitising_direction	0.851647540552532	0.0254797147968125	1.09424158534684	0.0156444852879086	-0.359460051379471	0.426518561242351	-0.0790412169998612	0.763752605325226	consistent_up_(2/3_significant)	go_bp:GOBP_AMEBOIDAL_TYPE_CELL_MIGRATION;go_bp:GOBP_BIOLOGICAL_PROCESS_INVOLVED_IN_SYMBIOTIC_INTERACTION;go_bp:GOBP_BONE_DEVELOPMENT;go_bp:GOBP_BRANCHING_MORPHOGENESIS_OF_AN_EPITHELIAL_TUBE;go_bp:GOBP_CANONICAL_WNT_SIGNALING_PATHWAY	65	True	0	second_degree_connector
TFAP2A	candidate_partner	candidate_string_partner	0.4091479872194234	0.7893096654426276	nonsignificant_tolerance_direction	0.364392541640187	0.188573537548283	0.527346856863456	0.275431332984545	0.656848019563621	0.426888856266438	-0.208899081601285	0.374086380007989	no_significant_resistance_dataset	go_bp:GOBP_BIOMINERAL_TISSUE_DEVELOPMENT;go_bp:GOBP_BONE_DEVELOPMENT;go_bp:GOBP_BONE_MINERALIZATION;go_bp:GOBP_BONE_MORPHOGENESIS;go_bp:GOBP_EAR_DEVELOPMENT	26	False	1	direct_partner
TFAP2B	candidate_partner	candidate_string_partner	0.0679962722027145	0.9731795120896176	nonsignificant_tolerance_direction					0.219231050744736	0.90614933879565	-0.4985260648851	0.320381901712205	no_significant_resistance_dataset		0	False	1	direct_partner
TFAP2C	multiple	candidate_string_partner,crispr_tolerance	1.5406554782432211	0.0482149029216125	tolerance_associated_KO	-1.09359983284206	0.0009588641192333	-0.231167140057674	0.460880649003454	-0.541646684135955	0.376029940461807	-0.420914341193197	0.161767538996686	consistent_down_(1/3_significant)	hallmark:HALLMARK_ESTROGEN_RESPONSE_EARLY;hallmark:HALLMARK_ESTROGEN_RESPONSE_LATE	2	False	1	direct_partner
TGFBR2	leading_edge	resistance_leading_edge	0.1552278609612258	0.936326778050455	nonsignificant_tolerance_direction	1.54679392813292	1.96934722363388e-05	0.668044825346124	0.0817527412568512	0.364949137014185	0.722456013925136	-0.0619207743412895	0.795961153863807	consistent_up_(1/3_significant)	go_bp:GOBP_AMEBOIDAL_TYPE_CELL_MIGRATION;go_bp:GOBP_AORTA_DEVELOPMENT;go_bp:GOBP_ARTERY_DEVELOPMENT;go_bp:GOBP_BLOOD_VESSEL_MORPHOGENESIS;go_bp:GOBP_BONE_DEVELOPMENT	52	False	1	direct_partner
TP53	candidate_partner	candidate_string_partner	0.462313385551977	0.8121550190740409	nonsignificant_tolerance_direction	-0.764390437265734	0.0046845528907465	-0.804493516183301	0.02635706452798	-0.400699043887594	0.640743280574782	0.118523832145241	0.698127176476088	consistent_down_(2/3_significant)	go_bp:GOBP_REGULATION_OF_CHROMOSOME_ORGANIZATION;hallmark:HALLMARK_E2F_TARGETS;reactome:REACTOME_CELL_CYCLE_CHECKPOINTS;reactome:REACTOME_CELL_CYCLE_MITOTIC	4	True	1	direct_partner
TRIB1	resistance_gene	multimodal_pathway_driver	1.1301669169150914	0.6009826181172715	nonsignificant_tolerance_direction	1.25629304236166	0.0156237027990758	1.28503154017325	0.0110465097073119	0.340854439736958	0.41939303087372	-0.0760568305534447	0.823958308793662	consistent_up_(2/3_significant)	go_bp:GOBP_CELLULAR_RESPONSE_TO_LIPID;go_bp:GOBP_MUSCLE_CELL_MIGRATION;go_bp:GOBP_MYELOID_CELL_DIFFERENTIATION;go_bp:GOBP_MYELOID_LEUKOCYTE_DIFFERENTIATION;go_bp:GOBP_NEGATIVE_REGULATION_OF_CATALYTIC_ACTIVITY	20	True	0	second_degree_connector
UBC	candidate_partner	candidate_string_partner	0.5829411177645234	0.7616616496167914	nonsignificant_tolerance_direction	0.238027514085486	0.196764330667508	0.351455348330551	0.513723850358758	0.0662392763160752	0.910936153178264	0.331808606019197	0.207964763232786	no_significant_resistance_dataset		0	False	1	second_degree_connector
WT1	candidate_partner	candidate_string_partner	-0.0627946016343177	0.9695260433297674	nonsignificant_sensitising_direction					0.370713379925675	0.859461878555104	0.238054043645601	0.842370119046635	no_significant_resistance_dataset		0	False	1	direct_partner
