gene	relationship_to_candidate	network_role	CRISPR_support	RNA_resistance_support	human_support	pathway	reason_for_interest
ACVR1	resistance_pathway_driver_not_candidate_connected	peripheral_connected_node	nonsignificant_sensitising_direction	consistent_up_(2/3_significant)	True	go_bp:GOBP_AMEBOIDAL_TYPE_CELL_MIGRATION;go_bp:GOBP_BIOMINERAL_TISSUE_DEVELOPMENT;go_bp:GOBP_BLOOD_VESSEL_MORPHOGENESIS;go_bp:GOBP_BONE_MINERALIZATION;go_bp:GOBP_BRANCHING_MORPHOGENESIS_OF_AN_EPITHELIAL_TUBE	leading-edge in 56 STRONG_CONSENSUS resistance pathways
ASH1L	direct_network_neighbor_of_USP34	peripheral_connected_node	nonsignificant_tolerance_direction	no_significant_resistance_dataset	False		direct curated network connection to USP34
BMP7	resistance_pathway_driver_not_candidate_connected	peripheral_connected_node	nonsignificant_sensitising_direction	consistent_up_(2/3_significant)	True	go_bp:GOBP_AMEBOIDAL_TYPE_CELL_MIGRATION;go_bp:GOBP_AXON_DEVELOPMENT;go_bp:GOBP_BIOMINERAL_TISSUE_DEVELOPMENT;go_bp:GOBP_BONE_MINERALIZATION;go_bp:GOBP_BRANCHING_MORPHOGENESIS_OF_AN_EPITHELIAL_TUBE	leading-edge in 88 STRONG_CONSENSUS resistance pathways
CITED2	candidate_itself	candidate	nonsignificant_sensitising_direction	consistent_up_(1/3_significant)	True	go_bp:GOBP_ARTERY_DEVELOPMENT;go_bp:GOBP_BLOOD_VESSEL_MORPHOGENESIS;go_bp:GOBP_BONE_DEVELOPMENT;go_bp:GOBP_BONE_MORPHOGENESIS;go_bp:GOBP_CARDIAC_CHAMBER_DEVELOPMENT	frozen therapeutic shortlist candidate; leading-edge in 49 STRONG_CONSENSUS resistance pathways; high network betweenness (top decile) -- potential bridge between modules
COL1A1	direct_network_neighbor_of_CITED2	peripheral_connected_node	nonsignificant_sensitising_direction	consistent_up_(2/3_significant)	True	go_bp:GOBP_BIOMINERAL_TISSUE_DEVELOPMENT;go_bp:GOBP_BODY_MORPHOGENESIS;go_bp:GOBP_BONE_DEVELOPMENT;go_bp:GOBP_BONE_MORPHOGENESIS;go_bp:GOBP_CANONICAL_WNT_SIGNALING_PATHWAY	direct curated network connection to CITED2; leading-edge in 42 STRONG_CONSENSUS resistance pathways
CREBBP	direct_network_neighbor_of_CITED2	peripheral_connected_node	nonsignificant_sensitising_direction	no_significant_resistance_dataset	False		direct curated network connection to CITED2
CTNNB1	resistance_pathway_driver_not_candidate_connected	bridge_gene_high_betweenness	nonsignificant_sensitising_direction	consistent_up_(2/3_significant)	True	go_bp:GOBP_BLOOD_VESSEL_MORPHOGENESIS;go_bp:GOBP_BRANCHING_MORPHOGENESIS_OF_AN_EPITHELIAL_TUBE;go_bp:GOBP_CANONICAL_WNT_SIGNALING_PATHWAY;go_bp:GOBP_CARTILAGE_DEVELOPMENT;go_bp:GOBP_CELL_FATE_COMMITMENT	leading-edge in 93 STRONG_CONSENSUS resistance pathways; high network betweenness (top decile) -- potential bridge between modules
DMTN	direct_network_neighbor_of_VEZF1	peripheral_connected_node	nonsignificant_sensitising_direction	consistent_up_(2/3_significant)	True	go_bp:GOBP_AMEBOIDAL_TYPE_CELL_MIGRATION;go_bp:GOBP_CELLULAR_COMPONENT_DISASSEMBLY;go_bp:GOBP_CELL_MATRIX_ADHESION;go_bp:GOBP_CELL_SUBSTRATE_ADHESION;go_bp:GOBP_HEMOSTASIS	direct curated network connection to VEZF1; leading-edge in 23 STRONG_CONSENSUS resistance pathways
EML5	candidate_itself	candidate	nonsignificant_sensitising_direction	consistent_up_(2/3_significant)	True		frozen therapeutic shortlist candidate
EP300	direct_network_neighbor_of_CITED2	bridge_gene_high_betweenness	nonsignificant_sensitising_direction	consistent_up_(1/3_significant)	True	go_bp:GOBP_BODY_MORPHOGENESIS;go_bp:GOBP_CELLULAR_RESPONSE_TO_LIPID;go_bp:GOBP_CELL_FATE_COMMITMENT;go_bp:GOBP_FACE_MORPHOGENESIS;go_bp:GOBP_FAT_CELL_DIFFERENTIATION	direct curated network connection to CITED2; leading-edge in 17 STRONG_CONSENSUS resistance pathways; high network betweenness (top decile) -- potential bridge between modules
EPAS1	direct_network_neighbor_of_CITED2	peripheral_connected_node	nonsignificant_tolerance_direction	consistent_up_(3/3_significant)	True	go_bp:GOBP_BLOOD_VESSEL_MORPHOGENESIS;go_bp:GOBP_BLOOD_VESSEL_REMODELING;go_bp:GOBP_CELL_FATE_COMMITMENT;go_bp:GOBP_CIRCULATORY_SYSTEM_PROCESS;go_bp:GOBP_EMBRYONIC_ORGAN_DEVELOPMENT	direct curated network connection to CITED2; leading-edge in 14 STRONG_CONSENSUS resistance pathways
EPHB2	resistance_pathway_driver_not_candidate_connected	peripheral_connected_node	nonsignificant_tolerance_direction	consistent_up_(1/3_significant)	False	go_bp:GOBP_AXON_DEVELOPMENT;go_bp:GOBP_BLOOD_VESSEL_MORPHOGENESIS;go_bp:GOBP_CELLULAR_RESPONSE_TO_LIPID;go_bp:GOBP_CELL_MORPHOGENESIS_INVOLVED_IN_NEURON_DIFFERENTIATION;go_bp:GOBP_CELL_SURFACE_RECEPTOR_PROTEIN_TYROSINE_KINASE_SIGNALING_PATHWAY	leading-edge in 45 STRONG_CONSENSUS resistance pathways
ERBB2	direct_network_neighbor_of_CITED2	bridge_gene_high_betweenness	nonsignificant_sensitising_direction	consistent_up_(2/3_significant)	True	go_bp:GOBP_AXON_DEVELOPMENT;go_bp:GOBP_BLOOD_VESSEL_MORPHOGENESIS;go_bp:GOBP_CELL_MORPHOGENESIS_INVOLVED_IN_NEURON_DIFFERENTIATION;go_bp:GOBP_CELL_SURFACE_RECEPTOR_PROTEIN_TYROSINE_KINASE_SIGNALING_PATHWAY;go_bp:GOBP_ENSHEATHMENT_OF_NEURONS	direct curated network connection to CITED2; leading-edge in 30 STRONG_CONSENSUS resistance pathways; high network betweenness (top decile) -- potential bridge between modules
FGFR1	resistance_pathway_driver_not_candidate_connected	peripheral_connected_node	nonsignificant_tolerance_direction	no_significant_resistance_dataset	False	go_bp:GOBP_ALCOHOL_METABOLIC_PROCESS;go_bp:GOBP_AMEBOIDAL_TYPE_CELL_MIGRATION;go_bp:GOBP_BIOMINERAL_TISSUE_DEVELOPMENT;go_bp:GOBP_CARTILAGE_DEVELOPMENT;go_bp:GOBP_CELL_CHEMOTAXIS	leading-edge in 65 STRONG_CONSENSUS resistance pathways
FOXO1	direct_network_neighbor_of_CITED2	peripheral_connected_node	nonsignificant_sensitising_direction	consistent_up_(2/3_significant)	True	go_bp:GOBP_CANONICAL_WNT_SIGNALING_PATHWAY;go_bp:GOBP_CELL_SURFACE_RECEPTOR_PROTEIN_TYROSINE_KINASE_SIGNALING_PATHWAY;go_bp:GOBP_FAT_CELL_DIFFERENTIATION;go_bp:GOBP_NEGATIVE_REGULATION_OF_CELL_DIFFERENTIATION;go_bp:GOBP_NEGATIVE_REGULATION_OF_FAT_CELL_DIFFERENTIATION	direct curated network connection to CITED2; leading-edge in 17 STRONG_CONSENSUS resistance pathways
FOXO3	direct_network_neighbor_of_CITED2	peripheral_connected_node	nonsignificant_sensitising_direction	consistent_down_(1/3_significant)	False	reactome:REACTOME_ESR_MEDIATED_SIGNALING	direct curated network connection to CITED2
H7C0V5_HUMAN	direct_network_neighbor_of_USP34	peripheral_connected_node	not_tested	no_significant_resistance_dataset	False		direct curated network connection to USP34
HIF1A	direct_network_neighbor_of_CITED2	peripheral_connected_node	nonsignificant_tolerance_direction	consistent_up_(2/3_significant)	True	go_bp:GOBP_AMEBOIDAL_TYPE_CELL_MIGRATION;go_bp:GOBP_BIOMINERAL_TISSUE_DEVELOPMENT;go_bp:GOBP_BLOOD_VESSEL_MORPHOGENESIS;go_bp:GOBP_BONE_MINERALIZATION;go_bp:GOBP_CARDIAC_CHAMBER_DEVELOPMENT	direct curated network connection to CITED2; leading-edge in 67 STRONG_CONSENSUS resistance pathways
JAG1	resistance_pathway_driver_not_candidate_connected	peripheral_connected_node	nonsignificant_sensitising_direction	consistent_up_(2/3_significant)	True	go_bp:GOBP_AORTA_DEVELOPMENT;go_bp:GOBP_ARTERY_DEVELOPMENT;go_bp:GOBP_BLOOD_VESSEL_MORPHOGENESIS;go_bp:GOBP_BLOOD_VESSEL_REMODELING;go_bp:GOBP_CARDIAC_CHAMBER_DEVELOPMENT	leading-edge in 49 STRONG_CONSENSUS resistance pathways
LEF1	resistance_pathway_driver_not_candidate_connected	peripheral_connected_node	nonsignificant_tolerance_direction	consistent_up_(2/3_significant)	True	go_bp:GOBP_BIOLOGICAL_PROCESS_INVOLVED_IN_SYMBIOTIC_INTERACTION;go_bp:GOBP_BLOOD_VESSEL_MORPHOGENESIS;go_bp:GOBP_BODY_MORPHOGENESIS;go_bp:GOBP_BRANCHING_MORPHOGENESIS_OF_AN_EPITHELIAL_TUBE;go_bp:GOBP_CANONICAL_WNT_SIGNALING_PATHWAY	leading-edge in 52 STRONG_CONSENSUS resistance pathways
LHX2	direct_network_neighbor_of_CITED2	peripheral_connected_node	nonsignificant_tolerance_direction	consistent_up_(1/3_significant)	True	go_bp:GOBP_AXON_DEVELOPMENT;go_bp:GOBP_CELL_MORPHOGENESIS_INVOLVED_IN_NEURON_DIFFERENTIATION;go_bp:GOBP_EMBRYONIC_MORPHOGENESIS;go_bp:GOBP_EPITHELIAL_TUBE_FORMATION;go_bp:GOBP_EPITHELIAL_TUBE_MORPHOGENESIS	direct curated network connection to CITED2; leading-edge in 23 STRONG_CONSENSUS resistance pathways
MKLN1	direct_network_neighbor_of_USP34	peripheral_connected_node	nonsignificant_tolerance_direction	consistent_up_(1/3_significant)	False	go_bp:GOBP_CELL_MATRIX_ADHESION;go_bp:GOBP_CELL_SUBSTRATE_ADHESION;go_bp:GOBP_REGULATION_OF_CELL_SHAPE;go_bp:GOBP_REGULATION_OF_VESICLE_MEDIATED_TRANSPORT	direct curated network connection to USP34
MSX1	resistance_pathway_driver_not_candidate_connected	peripheral_connected_node	nonsignificant_sensitising_direction	consistent_up_(1/3_significant)	True	go_bp:GOBP_BODY_MORPHOGENESIS;go_bp:GOBP_BONE_DEVELOPMENT;go_bp:GOBP_BONE_MORPHOGENESIS;go_bp:GOBP_CARTILAGE_DEVELOPMENT;go_bp:GOBP_CELL_SURFACE_RECEPTOR_PROTEIN_SERINE_THREONINE_KINASE_SIGNALING_PATHWAY	leading-edge in 41 STRONG_CONSENSUS resistance pathways
PCGF2	direct_network_neighbor_of_CITED2	peripheral_connected_node	nonsignificant_sensitising_direction	consistent_up_(1/3_significant)	False	go_bp:GOBP_EMBRYONIC_MORPHOGENESIS;go_bp:GOBP_EMBRYONIC_ORGAN_DEVELOPMENT;go_bp:GOBP_EMBRYONIC_ORGAN_MORPHOGENESIS;go_bp:GOBP_EMBRYONIC_SKELETAL_SYSTEM_DEVELOPMENT;go_bp:GOBP_IN_UTERO_EMBRYONIC_DEVELOPMENT	direct curated network connection to CITED2; leading-edge in 8 STRONG_CONSENSUS resistance pathways
PPARG	direct_network_neighbor_of_CITED2	peripheral_connected_node	nonsignificant_sensitising_direction	consistent_up_(2/3_significant)	True	go_bp:GOBP_AMEBOIDAL_TYPE_CELL_MIGRATION;go_bp:GOBP_BLOOD_VESSEL_MORPHOGENESIS;go_bp:GOBP_CELL_FATE_COMMITMENT;go_bp:GOBP_CELL_SURFACE_RECEPTOR_PROTEIN_SERINE_THREONINE_KINASE_SIGNALING_PATHWAY;go_bp:GOBP_CIRCULATORY_SYSTEM_PROCESS	direct curated network connection to CITED2; leading-edge in 53 STRONG_CONSENSUS resistance pathways
RPS27A	direct_network_neighbor_of_USP34	bridge_gene_high_betweenness	nonsignificant_sensitising_direction	no_significant_resistance_dataset	False	reactome:REACTOME_CELL_CYCLE_CHECKPOINTS;reactome:REACTOME_CELL_CYCLE_MITOTIC;reactome:REACTOME_M_PHASE	direct curated network connection to USP34; high network betweenness (top decile) -- potential bridge between modules
SIX2	resistance_pathway_driver_not_candidate_connected	peripheral_connected_node	nonsignificant_tolerance_direction	consistent_up_(2/3_significant)	True	go_bp:GOBP_BRANCHING_MORPHOGENESIS_OF_AN_EPITHELIAL_TUBE;go_bp:GOBP_CARTILAGE_DEVELOPMENT;go_bp:GOBP_CELL_FATE_COMMITMENT;go_bp:GOBP_CHONDROCYTE_DIFFERENTIATION;go_bp:GOBP_CONNECTIVE_TISSUE_DEVELOPMENT	leading-edge in 39 STRONG_CONSENSUS resistance pathways
SMAD3	direct_network_neighbor_of_CITED2	high_degree_hub	nonsignificant_tolerance_direction	consistent_up_(2/3_significant)	True	go_bp:GOBP_ACTOMYOSIN_STRUCTURE_ORGANIZATION;go_bp:GOBP_BIOMINERAL_TISSUE_DEVELOPMENT;go_bp:GOBP_BONE_MINERALIZATION;go_bp:GOBP_CANONICAL_WNT_SIGNALING_PATHWAY;go_bp:GOBP_CARTILAGE_DEVELOPMENT	direct curated network connection to CITED2; leading-edge in 93 STRONG_CONSENSUS resistance pathways
SMG1	direct_network_neighbor_of_USP34	peripheral_connected_node	nonsignificant_sensitising_direction	no_significant_resistance_dataset	False		direct curated network connection to USP34
SRC	resistance_pathway_driver_not_candidate_connected	bridge_gene_high_betweenness	nonsignificant_sensitising_direction	consistent_up_(2/3_significant)	True	go_bp:GOBP_AMEBOIDAL_TYPE_CELL_MIGRATION;go_bp:GOBP_BIOLOGICAL_PROCESS_INVOLVED_IN_SYMBIOTIC_INTERACTION;go_bp:GOBP_BONE_DEVELOPMENT;go_bp:GOBP_BRANCHING_MORPHOGENESIS_OF_AN_EPITHELIAL_TUBE;go_bp:GOBP_CANONICAL_WNT_SIGNALING_PATHWAY	leading-edge in 65 STRONG_CONSENSUS resistance pathways; high network betweenness (top decile) -- potential bridge between modules
TFAP2A	direct_network_neighbor_of_CITED2	peripheral_connected_node	nonsignificant_tolerance_direction	no_significant_resistance_dataset	False	go_bp:GOBP_BIOMINERAL_TISSUE_DEVELOPMENT;go_bp:GOBP_BONE_DEVELOPMENT;go_bp:GOBP_BONE_MINERALIZATION;go_bp:GOBP_BONE_MORPHOGENESIS;go_bp:GOBP_EAR_DEVELOPMENT	direct curated network connection to CITED2; leading-edge in 26 STRONG_CONSENSUS resistance pathways
TFAP2B	direct_network_neighbor_of_CITED2	peripheral_connected_node	nonsignificant_tolerance_direction	no_significant_resistance_dataset	False		direct curated network connection to CITED2
TFAP2C	direct_network_neighbor_of_CITED2	peripheral_connected_node	tolerance_associated_KO	consistent_down_(1/3_significant)	False	hallmark:HALLMARK_ESTROGEN_RESPONSE_EARLY;hallmark:HALLMARK_ESTROGEN_RESPONSE_LATE	direct curated network connection to CITED2
TGFBR2	direct_network_neighbor_of_CITED2	peripheral_connected_node	nonsignificant_tolerance_direction	consistent_up_(1/3_significant)	False	go_bp:GOBP_AMEBOIDAL_TYPE_CELL_MIGRATION;go_bp:GOBP_AORTA_DEVELOPMENT;go_bp:GOBP_ARTERY_DEVELOPMENT;go_bp:GOBP_BLOOD_VESSEL_MORPHOGENESIS;go_bp:GOBP_BONE_DEVELOPMENT	direct curated network connection to CITED2; leading-edge in 52 STRONG_CONSENSUS resistance pathways
TP53	direct_network_neighbor_of_CITED2	bridge_gene_high_betweenness	nonsignificant_tolerance_direction	consistent_down_(2/3_significant)	True	go_bp:GOBP_REGULATION_OF_CHROMOSOME_ORGANIZATION;hallmark:HALLMARK_E2F_TARGETS;reactome:REACTOME_CELL_CYCLE_CHECKPOINTS;reactome:REACTOME_CELL_CYCLE_MITOTIC	direct curated network connection to CITED2; high network betweenness (top decile) -- potential bridge between modules
TRIP12	direct_network_neighbor_of_USP34	peripheral_connected_node	nonsignificant_sensitising_direction	no_significant_resistance_dataset	False		direct curated network connection to USP34
UBA52	direct_network_neighbor_of_USP34	peripheral_connected_node	nonsignificant_tolerance_direction	no_significant_resistance_dataset	False	reactome:REACTOME_CELL_CYCLE_CHECKPOINTS;reactome:REACTOME_CELL_CYCLE_MITOTIC;reactome:REACTOME_M_PHASE	direct curated network connection to USP34
UBB	direct_network_neighbor_of_USP34	bridge_gene_high_betweenness	nonsignificant_tolerance_direction	no_significant_resistance_dataset	False	reactome:REACTOME_CELL_CYCLE_CHECKPOINTS;reactome:REACTOME_CELL_CYCLE_MITOTIC;reactome:REACTOME_M_PHASE	direct curated network connection to USP34; high network betweenness (top decile) -- potential bridge between modules
UBC	direct_network_neighbor_of_USP34	bridge_gene_high_betweenness	nonsignificant_tolerance_direction	no_significant_resistance_dataset	False		direct curated network connection to USP34; high network betweenness (top decile) -- potential bridge between modules
USP34	candidate_itself	candidate	sensitising_KO	consistent_up_(1/3_significant)	False	go_bp:GOBP_CANONICAL_WNT_SIGNALING_PATHWAY;go_bp:GOBP_REGULATION_OF_CANONICAL_WNT_SIGNALING_PATHWAY;go_bp:GOBP_REGULATION_OF_WNT_SIGNALING_PATHWAY;go_bp:GOBP_WNT_SIGNALING_PATHWAY	frozen therapeutic shortlist candidate; high network betweenness (top decile) -- potential bridge between modules
USP9X	direct_network_neighbor_of_USP34	peripheral_connected_node	nonsignificant_sensitising_direction	no_significant_resistance_dataset	False		direct curated network connection to USP34
VEZF1	candidate_itself	candidate	sensitising_KO	consistent_up_(1/3_significant)	True	go_bp:GOBP_BLOOD_VESSEL_MORPHOGENESIS;hallmark:HALLMARK_HEME_METABOLISM	frozen therapeutic shortlist candidate
WNT4	resistance_pathway_driver_not_candidate_connected	peripheral_connected_node	nonsignificant_sensitising_direction	consistent_up_(2/3_significant)	True	go_bp:GOBP_ACTOMYOSIN_STRUCTURE_ORGANIZATION;go_bp:GOBP_ALCOHOL_METABOLIC_PROCESS;go_bp:GOBP_BIOMINERAL_TISSUE_DEVELOPMENT;go_bp:GOBP_BLOOD_VESSEL_MORPHOGENESIS;go_bp:GOBP_BONE_MINERALIZATION	leading-edge in 68 STRONG_CONSENSUS resistance pathways
WNT5A	resistance_pathway_driver_not_candidate_connected	peripheral_connected_node	nonsignificant_tolerance_direction	consistent_up_(2/3_significant)	True	go_bp:GOBP_AMEBOIDAL_TYPE_CELL_MIGRATION;go_bp:GOBP_AXIS_ELONGATION;go_bp:GOBP_AXON_DEVELOPMENT;go_bp:GOBP_BLOOD_VESSEL_MORPHOGENESIS;go_bp:GOBP_BRANCHING_MORPHOGENESIS_OF_AN_EPITHELIAL_TUBE	leading-edge in 111 STRONG_CONSENSUS resistance pathways
WT1	direct_network_neighbor_of_CITED2	peripheral_connected_node	nonsignificant_sensitising_direction	no_significant_resistance_dataset	False		direct curated network connection to CITED2
